[{"model": "trip.train", "pk": 1, "fields": {"name_number": "743K", "carriages_quantity": 5, "carriage_type": 1, "total_seats": 280}}, {"model": "trip.train", "pk": 2, "fields": {"name_number": "715K", "carriages_quantity": 3, "carriage_type": 2, "total_seats": 243}}, {"model": "trip.train", "pk": 3, "fields": {"name_number": "716L", "carriages_quantity": 5, "carriage_type": 1, "total_seats": 280}}, {"model": "trip.train", "pk": 4, "fields": {"name_number": "064L", "carriages_quantity": 10, "carriage_type": 4, "total_seats": 360}}, {"model": "trip.train", "pk": 5, "fields": {"name_number": "007B", "carriages_quantity": 5, "carriage_type": 1, "total_seats": 100}}, {"model": "trip.carriagetype", "pk": 1, "fields": {"category": "1st class", "seats_in_car": 20}}, {"model": "trip.carriagetype", "pk": 2, "fields": {"category": "2nd class", "seats_in_car": 81}}, {"model": "trip.carriagetype", "pk": 3, "fields": {"category": "3rd class", "seats_in_car": 50}}, {"model": "trip.carriagetype", "pk": 4, "fields": {"category": "coupe", "seats_in_car": 36}}, {"model": "trip.crew", "pk": 1, "fields": {"first_name": "Viktor", "last_name": "Yanukovich"}}, {"model": "trip.crew", "pk": 2, "fields": {"first_name": "Leonid", "last_name": "Kuchma"}}, {"model": "trip.crew", "pk": 3, "fields": {"first_name": "Petro", "last_name": "Poroshenko"}}, {"model": "trip.crew", "pk": 4, "fields": {"first_name": "Volodymyr", "last_name": "Zelenskiy"}}, {"model": "trip.crew", "pk": 5, "fields": {"first_name": "Viktor", "last_name": "Yuschenko"}}, {"model": "trip.crew", "pk": 6, "fields": {"first_name": "John", "last_name": "Travolta"}}, {"model": "trip.crew", "pk": 8, "fields": {"first_name": "Cameron", "last_name": "Diaz"}}, {"model": "trip.crew", "pk": 9, "fields": {"first_name": "Din", "last_name": "Djarin"}}, {"model": "trip.station", "pk": 1, "fields": {"name": "Kyiv-Pas", "latitude": 50.4417, "longitude": 30.4893}}, {"model": "trip.station", "pk": 2, "fields": {"name": "Lviv-Pas", "latitude": 49.8397, "longitude": 24.0316}}, {"model": "trip.station", "pk": 3, "fields": {"name": "Kharkiv-Pas", "latitude": 49.9935, "longitude": 36.2304}}, {"model": "trip.station", "pk": 4, "fields": {"name": "Odesa-Pas", "latitude": 46.484, "longitude": 30.7326}}, {"model": "trip.route", "pk": 1, "fields": {"source": 1, "destination": 2, "distance": 540}}, {"model": "trip.route", "pk": 2, "fields": {"source": 2, "destination": 1, "distance": 540}}, {"model": "trip.route", "pk": 3, "fields": {"source": 1, "destination": 3, "distance": 480}}, {"model": "trip.route", "pk": 4, "fields": {"source": 3, "destination": 1, "distance": 480}}, {"model": "trip.route", "pk": 5, "fields": {"source": 1, "destination": 4, "distance": 475}}, {"model": "trip.route", "pk": 6, "fields": {"source": 4, "destination": 1, "distance": 475}}, {"model": "trip.trip", "pk": 1, "fields": {"route": 1, "train": 1, "departure_time": "2025-02-28T01:51:00Z", "arrival_time": "2025-02-28T19:54:00Z", "crew": [1, 3]}}, {"model": "trip.trip", "pk": 2, "fields": {"route": 3, "train": 1, "departure_time": "2025-03-05T02:10:00Z", "arrival_time": "2025-03-05T23:10:00Z", "crew": [4, 6]}}, {"model": "trip.trip", "pk": 3, "fields": {"route": 5, "train": 2, "departure_time": "2025-03-24T07:12:00Z", "arrival_time": "2025-03-24T15:10:00Z", "crew": [3, 4]}}, {"model": "trip.trip", "pk": 4, "fields": {"route": 2, "train": 2, "departure_time": "2025-03-04T01:28:00Z", "arrival_time": "2025-03-04T21:24:00Z", "crew": [3, 4]}}, {"model": "trip.trip", "pk": 5, "fields": {"route": 1, "train": 1, "departure_time": "2025-02-27T01:48:00Z", "arrival_time": "2025-02-27T23:47:00Z", "crew": [6, 8]}}, {"model": "trip.trip", "pk": 6, "fields": {"route": 1, "train": 1, "departure_time": "2025-02-27T01:48:00Z", "arrival_time": "2025-02-27T23:47:00Z", "crew": [5, 6, 8]}}, {"model": "trip.trip", "pk": 7, "fields": {"route": 4, "train": 4, "departure_time": "2025-03-03T10:00:00Z", "arrival_time": "2025-03-03T09:50:00Z", "crew": [2, 9]}}, {"model": "trip.trip", "pk": 8, "fields": {"route": 1, "train": 4, "departure_time": "2025-03-05T10:00:00Z", "arrival_time": "2025-03-06T09:00:00Z", "crew": [2, 9]}}, {"model": "trip.trip", "pk": 9, "fields": {"route": 1, "train": 4, "departure_time": "2025-03-05T23:54:00Z", "arrival_time": "2025-03-06T00:30:00Z", "crew": [8, 9]}}, {"model": "trip.ticket", "pk": 1, "fields": {"car_num": 2, "seat_num": 25, "trip": 4, "order": 2}}, {"model": "trip.ticket", "pk": 2, "fields": {"car_num": 4, "seat_num": 10, "trip": 5, "order": 2}}, {"model": "trip.ticket", "pk": 3, "fields": {"car_num": 3, "seat_num": 4, "trip": 4, "order": 3}}, {"model": "trip.ticket", "pk": 4, "fields": {"car_num": 2, "seat_num": 22, "trip": 4, "order": 4}}, {"model": "trip.ticket", "pk": 5, "fields": {"car_num": 3, "seat_num": 5, "trip": 4, "order": 5}}, {"model": "trip.ticket", "pk": 6, "fields": {"car_num": 3, "seat_num": 25, "trip": 5, "order": 6}}, {"model": "trip.ticket", "pk": 7, "fields": {"car_num": 3, "seat_num": 9, "trip": 4, "order": 6}}, {"model": "trip.ticket", "pk": 8, "fields": {"car_num": 1, "seat_num": 20, "trip": 4, "order": 7}}, {"model": "trip.order", "pk": 1, "fields": {"created_at": "2025-02-22T11:44:33.491Z", "user": 3}}, {"model": "trip.order", "pk": 2, "fields": {"created_at": "2025-02-22T11:44:48.603Z", "user": 3}}, {"model": "trip.order", "pk": 3, "fields": {"created_at": "2025-02-22T13:36:17.040Z", "user": 2}}, {"model": "trip.order", "pk": 4, "fields": {"created_at": "2025-02-22T13:37:26.897Z", "user": 2}}, {"model": "trip.order", "pk": 5, "fields": {"created_at": "2025-02-22T13:38:19.379Z", "user": 2}}, {"model": "trip.order", "pk": 6, "fields": {"created_at": "2025-02-22T16:59:26.413Z", "user": 4}}, {"model": "trip.order", "pk": 7, "fields": {"created_at": "2025-02-24T10:45:26.067Z", "user": 2}}, {"model": "user.user", "pk": 2, "fields": {"password": "pbkdf2_sha256$320000$R8nhp5cgyAXHYuxyk8qrWa$2neeqnwyYFvipDbNAw+zXgk3mSOyXRM3zwurSSkkybU=", "last_login": "2025-02-22T16:55:42.512Z", "is_superuser": true, "first_name": "", "last_name": "", "is_staff": true, "is_active": true, "date_joined": "2025-02-21T13:27:15.908Z", "email": "ad@min.com", "groups": [], "user_permissions": []}}, {"model": "user.user", "pk": 3, "fields": {"password": "pbkdf2_sha256$320000$L3Sc10WeuGcgCiANt51ebU$WBCHUOUc+PuPlQ/yS/XmQUjGgIZNDEU3M5T6sZKW2jw=", "last_login": null, "is_superuser": false, "first_name": "", "last_name": "", "is_staff": false, "is_active": true, "date_joined": "2025-02-21T14:34:39.967Z", "email": "user@admin.com", "groups": [], "user_permissions": []}}, {"model": "user.user", "pk": 4, "fields": {"password": "pbkdf2_sha256$320000$DcCFxZcy7a2Cowd4ZGwkN5$bsKNs7xgK0OwpSC0yTej3nK7TzOh5t8wL9vTVxMgsmU=", "last_login": null, "is_superuser": false, "first_name": "", "last_name": "", "is_staff": false, "is_active": true, "date_joined": "2025-02-22T16:57:03.304Z", "email": "user1@admin.com", "groups": [], "user_permissions": []}}]